Model,Accuracy,F1_score
densenet121,88.62275449101796,88.74327345766753
mobilenetv2,87.72455089820359,88.04499200011678
xception,89.32135728542914,89.34736989016348
resnet50,88.92215568862275,89.08584758789749
